INSERT INTO `user` (`user_id`,`user_name`,`password`,`email`,`first_name`,`last_name`,`birthday`,`enabled`) VALUES (1,'admin','$2a$10$Udj67/IPUjVLQomqARnRAuAWcp/LA31Mi1CXchIDPg2H9CEh95/TC','aleksandrkorzinov@gmail.com','Aleksandr','Korzinov','1990-12-14',1);
INSERT INTO `user` (`user_id`,`user_name`,`password`,`email`,`first_name`,`last_name`,`birthday`,`enabled`) VALUES (2,'user','$2a$10$2Jtbrs0UnagtHdL624j8A.gr9v1nQW1pYTbqWJMtML.2.r8ZGwspa','test123@gmail.com','User','Test','1999-10-10',1);

INSERT INTO `role` (`role_id`,`user_id`,`role`) VALUES (1,1,'ROLE_ADMIN');
INSERT INTO `role` (`role_id`,`user_id`,`role`) VALUES (2,2,'ROLE_USER');

INSERT INTO `station` (`station_id`,`station_name`) VALUES (1,'Voronezh');
INSERT INTO `station` (`station_id`,`station_name`) VALUES (2,'Moscow');
INSERT INTO `station` (`station_id`,`station_name`) VALUES (3,'Rostov-on-Don');
INSERT INTO `station` (`station_id`,`station_name`) VALUES (4,'Krasnodar');
INSERT INTO `station` (`station_id`,`station_name`) VALUES (5,'Lipetsk');
INSERT INTO `station` (`station_id`,`station_name`) VALUES (6,'Saint-Petersburg');
INSERT INTO `station` (`station_id`,`station_name`) VALUES (7,'Tver');
INSERT INTO `station` (`station_id`,`station_name`) VALUES (8,'Adler');
INSERT INTO `station` (`station_id`,`station_name`) VALUES (9,'Kazan');
INSERT INTO `station` (`station_id`,`station_name`) VALUES (10,'Volgograd');

INSERT INTO `train` (`train_id`,`train_name`,`quantity_seats`) VALUES (1,'035A',25);
INSERT INTO `train` (`train_id`,`train_name`,`quantity_seats`) VALUES (2,'739',20);
INSERT INTO `train` (`train_id`,`train_name`,`quantity_seats`) VALUES (3,'738',20);
INSERT INTO `train` (`train_id`,`train_name`,`quantity_seats`) VALUES (4,'036C',30);
INSERT INTO `train` (`train_id`,`train_name`,`quantity_seats`) VALUES (5,'020C',20);
INSERT INTO `train` (`train_id`,`train_name`,`quantity_seats`) VALUES (6,'019C',20);
INSERT INTO `train` (`train_id`,`train_name`,`quantity_seats`) VALUES (7,'998',20);
INSERT INTO `train` (`train_id`,`train_name`,`quantity_seats`) VALUES (8,'999',20);
INSERT INTO `train` (`train_id`,`train_name`,`quantity_seats`) VALUES (9,'1000',25);

INSERT INTO `route` (`route_id`,`train_id`,`station_id`,`order_station`) VALUES (1,1,6,1);
INSERT INTO `route` (`route_id`,`train_id`,`station_id`,`order_station`) VALUES (2,1,7,2);
INSERT INTO `route` (`route_id`,`train_id`,`station_id`,`order_station`) VALUES (3,1,2,3);
INSERT INTO `route` (`route_id`,`train_id`,`station_id`,`order_station`) VALUES (4,1,5,4);
INSERT INTO `route` (`route_id`,`train_id`,`station_id`,`order_station`) VALUES (5,1,1,5);
INSERT INTO `route` (`route_id`,`train_id`,`station_id`,`order_station`) VALUES (6,1,3,6);
INSERT INTO `route` (`route_id`,`train_id`,`station_id`,`order_station`) VALUES (7,1,4,7);
INSERT INTO `route` (`route_id`,`train_id`,`station_id`,`order_station`) VALUES (8,1,8,8);
INSERT INTO `route` (`route_id`,`train_id`,`station_id`,`order_station`) VALUES (9,2,1,1);
INSERT INTO `route` (`route_id`,`train_id`,`station_id`,`order_station`) VALUES (10,2,5,2);
INSERT INTO `route` (`route_id`,`train_id`,`station_id`,`order_station`) VALUES (11,2,2,3);
INSERT INTO `route` (`route_id`,`train_id`,`station_id`,`order_station`) VALUES (12,3,2,1);
INSERT INTO `route` (`route_id`,`train_id`,`station_id`,`order_station`) VALUES (13,3,5,2);
INSERT INTO `route` (`route_id`,`train_id`,`station_id`,`order_station`) VALUES (14,3,1,3);
INSERT INTO `route` (`route_id`,`train_id`,`station_id`,`order_station`) VALUES (15,4,8,1);
INSERT INTO `route` (`route_id`,`train_id`,`station_id`,`order_station`) VALUES (16,4,4,2);
INSERT INTO `route` (`route_id`,`train_id`,`station_id`,`order_station`) VALUES (17,4,3,3);
INSERT INTO `route` (`route_id`,`train_id`,`station_id`,`order_station`) VALUES (18,4,1,4);
INSERT INTO `route` (`route_id`,`train_id`,`station_id`,`order_station`) VALUES (19,4,5,5);
INSERT INTO `route` (`route_id`,`train_id`,`station_id`,`order_station`) VALUES (20,4,2,6);
INSERT INTO `route` (`route_id`,`train_id`,`station_id`,`order_station`) VALUES (21,4,7,7);
INSERT INTO `route` (`route_id`,`train_id`,`station_id`,`order_station`) VALUES (22,4,6,8);
INSERT INTO `route` (`route_id`,`train_id`,`station_id`,`order_station`) VALUES (23,5,2,1);
INSERT INTO `route` (`route_id`,`train_id`,`station_id`,`order_station`) VALUES (24,5,5,2);
INSERT INTO `route` (`route_id`,`train_id`,`station_id`,`order_station`) VALUES (25,5,1,3);
INSERT INTO `route` (`route_id`,`train_id`,`station_id`,`order_station`) VALUES (26,5,3,4);
INSERT INTO `route` (`route_id`,`train_id`,`station_id`,`order_station`) VALUES (27,6,3,1);
INSERT INTO `route` (`route_id`,`train_id`,`station_id`,`order_station`) VALUES (28,6,1,2);
INSERT INTO `route` (`route_id`,`train_id`,`station_id`,`order_station`) VALUES (29,6,5,3);
INSERT INTO `route` (`route_id`,`train_id`,`station_id`,`order_station`) VALUES (30,6,2,4);
INSERT INTO `route` (`route_id`,`train_id`,`station_id`,`order_station`) VALUES (31,7,1,1);
INSERT INTO `route` (`route_id`,`train_id`,`station_id`,`order_station`) VALUES (32,7,2,2);
INSERT INTO `route` (`route_id`,`train_id`,`station_id`,`order_station`) VALUES (33,8,2,1);
INSERT INTO `route` (`route_id`,`train_id`,`station_id`,`order_station`) VALUES (34,8,1,2);
INSERT INTO `route` (`route_id`,`train_id`,`station_id`,`order_station`) VALUES (35,8,10,3);
INSERT INTO `route` (`route_id`,`train_id`,`station_id`,`order_station`) VALUES (36,9,1,1);
INSERT INTO `route` (`route_id`,`train_id`,`station_id`,`order_station`) VALUES (37,9,2,2);

INSERT INTO `schedule` (`schedule_id`,`route_id`,`schedule_id_last`,`free_seats`,`arrival_time`,`departure_time`) VALUES (1,1,8,25,'2018-12-06 23:25:00','2018-12-06 23:25:00');
INSERT INTO `schedule` (`schedule_id`,`route_id`,`schedule_id_last`,`free_seats`,`arrival_time`,`departure_time`) VALUES (2,2,NULL,25,'2018-12-07 05:01:00','2018-12-07 05:02:00');
INSERT INTO `schedule` (`schedule_id`,`route_id`,`schedule_id_last`,`free_seats`,`arrival_time`,`departure_time`) VALUES (3,3,NULL,25,'2018-12-07 09:40:00','2018-12-07 09:45:00');
INSERT INTO `schedule` (`schedule_id`,`route_id`,`schedule_id_last`,`free_seats`,`arrival_time`,`departure_time`) VALUES (4,4,NULL,25,'2018-12-07 13:50:00','2018-12-07 13:52:00');
INSERT INTO `schedule` (`schedule_id`,`route_id`,`schedule_id_last`,`free_seats`,`arrival_time`,`departure_time`) VALUES (5,5,NULL,25,'2018-12-07 15:18:00','2018-12-07 15:58:00');
INSERT INTO `schedule` (`schedule_id`,`route_id`,`schedule_id_last`,`free_seats`,`arrival_time`,`departure_time`) VALUES (6,6,NULL,25,'2018-12-08 02:11:00','2018-12-08 02:28:00');
INSERT INTO `schedule` (`schedule_id`,`route_id`,`schedule_id_last`,`free_seats`,`arrival_time`,`departure_time`) VALUES (7,7,NULL,25,'2018-12-08 07:14:00','2018-12-08 07:19:00');
INSERT INTO `schedule` (`schedule_id`,`route_id`,`schedule_id_last`,`free_seats`,`arrival_time`,`departure_time`) VALUES (8,8,NULL,25,'2018-12-08 12:55:00','2018-12-08 12:55:00');
INSERT INTO `schedule` (`schedule_id`,`route_id`,`schedule_id_last`,`free_seats`,`arrival_time`,`departure_time`) VALUES (9,1,16,25,'2018-12-08 23:25:00','2018-12-08 23:25:00');
INSERT INTO `schedule` (`schedule_id`,`route_id`,`schedule_id_last`,`free_seats`,`arrival_time`,`departure_time`) VALUES (10,2,NULL,25,'2018-12-09 05:01:00','2018-12-09 05:02:00');
INSERT INTO `schedule` (`schedule_id`,`route_id`,`schedule_id_last`,`free_seats`,`arrival_time`,`departure_time`) VALUES (11,3,NULL,25,'2018-12-09 09:40:00','2018-12-09 09:45:00');
INSERT INTO `schedule` (`schedule_id`,`route_id`,`schedule_id_last`,`free_seats`,`arrival_time`,`departure_time`) VALUES (12,4,NULL,25,'2018-12-09 13:50:00','2018-12-09 13:52:00');
INSERT INTO `schedule` (`schedule_id`,`route_id`,`schedule_id_last`,`free_seats`,`arrival_time`,`departure_time`) VALUES (13,5,NULL,25,'2018-12-09 15:18:00','2018-12-09 15:58:00');
INSERT INTO `schedule` (`schedule_id`,`route_id`,`schedule_id_last`,`free_seats`,`arrival_time`,`departure_time`) VALUES (14,6,NULL,25,'2018-12-10 02:11:00','2018-12-10 02:28:00');
INSERT INTO `schedule` (`schedule_id`,`route_id`,`schedule_id_last`,`free_seats`,`arrival_time`,`departure_time`) VALUES (15,7,NULL,25,'2018-12-10 07:14:00','2018-12-10 07:19:00');
INSERT INTO `schedule` (`schedule_id`,`route_id`,`schedule_id_last`,`free_seats`,`arrival_time`,`departure_time`) VALUES (16,8,NULL,25,'2018-12-10 12:55:00','2018-12-10 12:55:00');
INSERT INTO `schedule` (`schedule_id`,`route_id`,`schedule_id_last`,`free_seats`,`arrival_time`,`departure_time`) VALUES (17,9,19,20,'2018-12-06 19:26:00','2018-12-06 19:26:00');
INSERT INTO `schedule` (`schedule_id`,`route_id`,`schedule_id_last`,`free_seats`,`arrival_time`,`departure_time`) VALUES (18,10,NULL,20,'2018-12-06 20:39:00','2018-12-06 20:43:00');
INSERT INTO `schedule` (`schedule_id`,`route_id`,`schedule_id_last`,`free_seats`,`arrival_time`,`departure_time`) VALUES (19,11,NULL,20,'2018-12-07 01:46:00','2018-12-07 01:46:00');
INSERT INTO `schedule` (`schedule_id`,`route_id`,`schedule_id_last`,`free_seats`,`arrival_time`,`departure_time`) VALUES (20,9,22,20,'2018-12-07 19:26:00','2018-12-07 19:26:00');
INSERT INTO `schedule` (`schedule_id`,`route_id`,`schedule_id_last`,`free_seats`,`arrival_time`,`departure_time`) VALUES (21,10,NULL,20,'2018-12-07 20:39:00','2018-12-07 20:43:00');
INSERT INTO `schedule` (`schedule_id`,`route_id`,`schedule_id_last`,`free_seats`,`arrival_time`,`departure_time`) VALUES (22,11,NULL,20,'2018-12-08 01:46:00','2018-12-08 01:46:00');
INSERT INTO `schedule` (`schedule_id`,`route_id`,`schedule_id_last`,`free_seats`,`arrival_time`,`departure_time`) VALUES (23,12,25,20,'2018-12-06 19:52:00','2018-12-06 19:52:00');
INSERT INTO `schedule` (`schedule_id`,`route_id`,`schedule_id_last`,`free_seats`,`arrival_time`,`departure_time`) VALUES (24,13,NULL,20,'2018-12-07 00:55:00','2018-12-07 00:59:00');
INSERT INTO `schedule` (`schedule_id`,`route_id`,`schedule_id_last`,`free_seats`,`arrival_time`,`departure_time`) VALUES (25,14,NULL,20,'2018-12-07 02:12:00','2018-12-07 02:12:00');
INSERT INTO `schedule` (`schedule_id`,`route_id`,`schedule_id_last`,`free_seats`,`arrival_time`,`departure_time`) VALUES (26,12,28,20,'2018-12-07 19:52:00','2018-12-07 19:52:00');
INSERT INTO `schedule` (`schedule_id`,`route_id`,`schedule_id_last`,`free_seats`,`arrival_time`,`departure_time`) VALUES (27,13,NULL,20,'2018-12-08 00:55:00','2018-12-08 00:59:00');
INSERT INTO `schedule` (`schedule_id`,`route_id`,`schedule_id_last`,`free_seats`,`arrival_time`,`departure_time`) VALUES (28,14,NULL,20,'2018-12-08 02:12:00','2018-12-08 02:12:00');
INSERT INTO `schedule` (`schedule_id`,`route_id`,`schedule_id_last`,`free_seats`,`arrival_time`,`departure_time`) VALUES (29,15,36,20,'2018-12-06 20:37:00','2018-12-06 20:37:00');
INSERT INTO `schedule` (`schedule_id`,`route_id`,`schedule_id_last`,`free_seats`,`arrival_time`,`departure_time`) VALUES (30,16,NULL,20,'2018-12-07 02:50:00','2018-12-07 02:55:00');
INSERT INTO `schedule` (`schedule_id`,`route_id`,`schedule_id_last`,`free_seats`,`arrival_time`,`departure_time`) VALUES (31,17,NULL,20,'2018-12-07 06:43:00','2018-12-07 07:02:00');
INSERT INTO `schedule` (`schedule_id`,`route_id`,`schedule_id_last`,`free_seats`,`arrival_time`,`departure_time`) VALUES (32,18,NULL,20,'2018-12-07 17:18:00','2018-12-07 17:57:00');
INSERT INTO `schedule` (`schedule_id`,`route_id`,`schedule_id_last`,`free_seats`,`arrival_time`,`departure_time`) VALUES (33,19,NULL,20,'2018-12-07 19:41:00','2018-12-07 19:44:00');
INSERT INTO `schedule` (`schedule_id`,`route_id`,`schedule_id_last`,`free_seats`,`arrival_time`,`departure_time`) VALUES (34,20,NULL,20,'2018-12-07 23:56:00','2018-12-08 00:01:00');
INSERT INTO `schedule` (`schedule_id`,`route_id`,`schedule_id_last`,`free_seats`,`arrival_time`,`departure_time`) VALUES (35,21,NULL,20,'2018-12-08 05:21:00','2018-12-08 05:23:00');
INSERT INTO `schedule` (`schedule_id`,`route_id`,`schedule_id_last`,`free_seats`,`arrival_time`,`departure_time`) VALUES (36,22,NULL,20,'2018-12-08 10:45:00','2018-12-08 10:45:00');
INSERT INTO `schedule` (`schedule_id`,`route_id`,`schedule_id_last`,`free_seats`,`arrival_time`,`departure_time`) VALUES (37,15,44,20,'2018-12-08 20:37:00','2018-12-08 20:37:00');
INSERT INTO `schedule` (`schedule_id`,`route_id`,`schedule_id_last`,`free_seats`,`arrival_time`,`departure_time`) VALUES (38,16,NULL,20,'2018-12-09 02:50:00','2018-12-09 02:55:00');
INSERT INTO `schedule` (`schedule_id`,`route_id`,`schedule_id_last`,`free_seats`,`arrival_time`,`departure_time`) VALUES (39,17,NULL,20,'2018-12-09 06:43:00','2018-12-09 07:02:00');
INSERT INTO `schedule` (`schedule_id`,`route_id`,`schedule_id_last`,`free_seats`,`arrival_time`,`departure_time`) VALUES (40,18,NULL,20,'2018-12-09 17:18:00','2018-12-09 17:57:00');
INSERT INTO `schedule` (`schedule_id`,`route_id`,`schedule_id_last`,`free_seats`,`arrival_time`,`departure_time`) VALUES (41,19,NULL,20,'2018-12-09 19:41:00','2018-12-09 19:44:00');
INSERT INTO `schedule` (`schedule_id`,`route_id`,`schedule_id_last`,`free_seats`,`arrival_time`,`departure_time`) VALUES (42,20,NULL,20,'2018-12-09 23:56:00','2018-12-10 00:01:00');
INSERT INTO `schedule` (`schedule_id`,`route_id`,`schedule_id_last`,`free_seats`,`arrival_time`,`departure_time`) VALUES (43,21,NULL,20,'2018-12-10 05:21:00','2018-12-10 05:23:00');
INSERT INTO `schedule` (`schedule_id`,`route_id`,`schedule_id_last`,`free_seats`,`arrival_time`,`departure_time`) VALUES (44,22,NULL,20,'2018-12-10 10:45:00','2018-12-10 10:45:00');
INSERT INTO `schedule` (`schedule_id`,`route_id`,`schedule_id_last`,`free_seats`,`arrival_time`,`departure_time`) VALUES (45,23,48,20,'2018-12-06 21:42:00','2018-12-06 21:42:00');
INSERT INTO `schedule` (`schedule_id`,`route_id`,`schedule_id_last`,`free_seats`,`arrival_time`,`departure_time`) VALUES (46,24,NULL,20,'2018-12-07 03:56:00','2018-12-07 03:58:00');
INSERT INTO `schedule` (`schedule_id`,`route_id`,`schedule_id_last`,`free_seats`,`arrival_time`,`departure_time`) VALUES (47,25,NULL,20,'2018-12-07 05:38:00','2018-12-07 05:42:00');
INSERT INTO `schedule` (`schedule_id`,`route_id`,`schedule_id_last`,`free_seats`,`arrival_time`,`departure_time`) VALUES (48,26,NULL,20,'2018-12-07 14:55:00','2018-12-07 14:55:00');
INSERT INTO `schedule` (`schedule_id`,`route_id`,`schedule_id_last`,`free_seats`,`arrival_time`,`departure_time`) VALUES (49,23,52,20,'2018-12-07 21:42:00','2018-12-07 21:42:00');
INSERT INTO `schedule` (`schedule_id`,`route_id`,`schedule_id_last`,`free_seats`,`arrival_time`,`departure_time`) VALUES (50,24,NULL,20,'2018-12-08 03:56:00','2018-12-08 03:58:00');
INSERT INTO `schedule` (`schedule_id`,`route_id`,`schedule_id_last`,`free_seats`,`arrival_time`,`departure_time`) VALUES (51,25,NULL,20,'2018-12-08 05:38:00','2018-12-08 05:42:00');
INSERT INTO `schedule` (`schedule_id`,`route_id`,`schedule_id_last`,`free_seats`,`arrival_time`,`departure_time`) VALUES (52,26,NULL,20,'2018-12-08 14:55:00','2018-12-08 14:55:00');
INSERT INTO `schedule` (`schedule_id`,`route_id`,`schedule_id_last`,`free_seats`,`arrival_time`,`departure_time`) VALUES (53,27,56,20,'2018-12-06 17:30:00','2018-12-06 17:30:00');
INSERT INTO `schedule` (`schedule_id`,`route_id`,`schedule_id_last`,`free_seats`,`arrival_time`,`departure_time`) VALUES (54,28,NULL,20,'2018-12-07 02:35:00','2018-12-07 02:40:00');
INSERT INTO `schedule` (`schedule_id`,`route_id`,`schedule_id_last`,`free_seats`,`arrival_time`,`departure_time`) VALUES (55,29,NULL,20,'2018-12-07 04:21:00','2018-12-07 04:23:00');
INSERT INTO `schedule` (`schedule_id`,`route_id`,`schedule_id_last`,`free_seats`,`arrival_time`,`departure_time`) VALUES (56,30,NULL,20,'2018-12-07 10:35:00','2018-12-07 10:35:00');
INSERT INTO `schedule` (`schedule_id`,`route_id`,`schedule_id_last`,`free_seats`,`arrival_time`,`departure_time`) VALUES (57,27,60,20,'2018-12-07 17:30:00','2018-12-07 17:30:00');
INSERT INTO `schedule` (`schedule_id`,`route_id`,`schedule_id_last`,`free_seats`,`arrival_time`,`departure_time`) VALUES (58,28,NULL,20,'2018-12-08 02:35:00','2018-12-08 02:40:00');
INSERT INTO `schedule` (`schedule_id`,`route_id`,`schedule_id_last`,`free_seats`,`arrival_time`,`departure_time`) VALUES (59,29,NULL,20,'2018-12-08 04:21:00','2018-12-08 04:23:00');
INSERT INTO `schedule` (`schedule_id`,`route_id`,`schedule_id_last`,`free_seats`,`arrival_time`,`departure_time`) VALUES (60,30,NULL,20,'2018-12-08 10:35:00','2018-12-08 10:35:00');
INSERT INTO `schedule` (`schedule_id`,`route_id`,`schedule_id_last`,`free_seats`,`arrival_time`,`departure_time`) VALUES (61,31,62,20,'2018-12-06 07:00:00','2018-12-06 07:00:00');
INSERT INTO `schedule` (`schedule_id`,`route_id`,`schedule_id_last`,`free_seats`,`arrival_time`,`departure_time`) VALUES (62,32,NULL,20,'2018-12-06 12:00:00','2018-12-06 12:00:00');
INSERT INTO `schedule` (`schedule_id`,`route_id`,`schedule_id_last`,`free_seats`,`arrival_time`,`departure_time`) VALUES (63,31,64,20,'2018-12-07 07:00:00','2018-12-07 07:00:00');
INSERT INTO `schedule` (`schedule_id`,`route_id`,`schedule_id_last`,`free_seats`,`arrival_time`,`departure_time`) VALUES (64,32,NULL,20,'2018-12-07 12:00:00','2018-12-07 12:00:00');
INSERT INTO `schedule` (`schedule_id`,`route_id`,`schedule_id_last`,`free_seats`,`arrival_time`,`departure_time`) VALUES (65,33,67,20,'2018-12-06 12:00:00','2018-12-06 12:00:00');
INSERT INTO `schedule` (`schedule_id`,`route_id`,`schedule_id_last`,`free_seats`,`arrival_time`,`departure_time`) VALUES (66,34,NULL,20,'2018-12-06 19:00:00','2018-12-06 19:05:00');
INSERT INTO `schedule` (`schedule_id`,`route_id`,`schedule_id_last`,`free_seats`,`arrival_time`,`departure_time`) VALUES (67,35,NULL,20,'2018-12-07 07:00:00','2018-12-07 07:00:00');
INSERT INTO `schedule` (`schedule_id`,`route_id`,`schedule_id_last`,`free_seats`,`arrival_time`,`departure_time`) VALUES (68,33,70,20,'2018-12-07 12:00:00','2018-12-07 12:00:00');
INSERT INTO `schedule` (`schedule_id`,`route_id`,`schedule_id_last`,`free_seats`,`arrival_time`,`departure_time`) VALUES (69,34,NULL,20,'2018-12-07 19:00:00','2018-12-07 19:05:00');
INSERT INTO `schedule` (`schedule_id`,`route_id`,`schedule_id_last`,`free_seats`,`arrival_time`,`departure_time`) VALUES (70,35,NULL,20,'2018-12-08 07:00:00','2018-12-08 07:00:00');
INSERT INTO `schedule` (`schedule_id`,`route_id`,`schedule_id_last`,`free_seats`,`arrival_time`,`departure_time`) VALUES (71,36,72,20,'2018-12-06 08:00:00','2018-12-06 08:00:00');
INSERT INTO `schedule` (`schedule_id`,`route_id`,`schedule_id_last`,`free_seats`,`arrival_time`,`departure_time`) VALUES (72,37,NULL,20,'2018-12-06 16:00:00','2018-12-06 16:00:00');
INSERT INTO `schedule` (`schedule_id`,`route_id`,`schedule_id_last`,`free_seats`,`arrival_time`,`departure_time`) VALUES (73,36,74,20,'2018-12-07 08:00:00','2018-12-07 08:00:00');
INSERT INTO `schedule` (`schedule_id`,`route_id`,`schedule_id_last`,`free_seats`,`arrival_time`,`departure_time`) VALUES (74,37,NULL,20,'2018-12-07 16:00:00','2018-12-07 16:00:00');
INSERT INTO `schedule` (`schedule_id`,`route_id`,`schedule_id_last`,`free_seats`,`arrival_time`,`departure_time`) VALUES (75,1,8,25,'2019-01-06 23:25:00','2019-01-06 23:25:00');
INSERT INTO `schedule` (`schedule_id`,`route_id`,`schedule_id_last`,`free_seats`,`arrival_time`,`departure_time`) VALUES (76,2,NULL,25,'2019-01-07 05:01:00','2019-01-07 05:02:00');
INSERT INTO `schedule` (`schedule_id`,`route_id`,`schedule_id_last`,`free_seats`,`arrival_time`,`departure_time`) VALUES (77,3,NULL,25,'2019-01-07 09:40:00','2019-01-07 09:45:00');
INSERT INTO `schedule` (`schedule_id`,`route_id`,`schedule_id_last`,`free_seats`,`arrival_time`,`departure_time`) VALUES (78,4,NULL,25,'2019-01-07 13:50:00','2019-01-07 13:52:00');
INSERT INTO `schedule` (`schedule_id`,`route_id`,`schedule_id_last`,`free_seats`,`arrival_time`,`departure_time`) VALUES (79,5,NULL,25,'2019-01-07 15:18:00','2019-01-07 15:58:00');
INSERT INTO `schedule` (`schedule_id`,`route_id`,`schedule_id_last`,`free_seats`,`arrival_time`,`departure_time`) VALUES (80,6,NULL,25,'2019-01-08 02:11:00','2019-01-08 02:28:00');
INSERT INTO `schedule` (`schedule_id`,`route_id`,`schedule_id_last`,`free_seats`,`arrival_time`,`departure_time`) VALUES (81,7,NULL,25,'2019-01-08 07:14:00','2019-01-08 07:19:00');
INSERT INTO `schedule` (`schedule_id`,`route_id`,`schedule_id_last`,`free_seats`,`arrival_time`,`departure_time`) VALUES (82,8,NULL,25,'2019-01-08 12:55:00','2019-01-08 12:55:00');
INSERT INTO `schedule` (`schedule_id`,`route_id`,`schedule_id_last`,`free_seats`,`arrival_time`,`departure_time`) VALUES (83,1,16,25,'2019-01-08 23:25:00','2019-01-08 23:25:00');
INSERT INTO `schedule` (`schedule_id`,`route_id`,`schedule_id_last`,`free_seats`,`arrival_time`,`departure_time`) VALUES (84,2,NULL,25,'2019-01-09 05:01:00','2019-01-09 05:02:00');
INSERT INTO `schedule` (`schedule_id`,`route_id`,`schedule_id_last`,`free_seats`,`arrival_time`,`departure_time`) VALUES (85,3,NULL,25,'2019-01-09 09:40:00','2019-01-09 09:45:00');
INSERT INTO `schedule` (`schedule_id`,`route_id`,`schedule_id_last`,`free_seats`,`arrival_time`,`departure_time`) VALUES (86,4,NULL,25,'2019-01-09 13:50:00','2019-01-09 13:52:00');
INSERT INTO `schedule` (`schedule_id`,`route_id`,`schedule_id_last`,`free_seats`,`arrival_time`,`departure_time`) VALUES (87,5,NULL,25,'2019-01-09 15:18:00','2019-01-09 15:58:00');
INSERT INTO `schedule` (`schedule_id`,`route_id`,`schedule_id_last`,`free_seats`,`arrival_time`,`departure_time`) VALUES (88,6,NULL,25,'2019-01-10 02:11:00','2019-01-10 02:28:00');
INSERT INTO `schedule` (`schedule_id`,`route_id`,`schedule_id_last`,`free_seats`,`arrival_time`,`departure_time`) VALUES (89,7,NULL,25,'2019-01-10 07:14:00','2019-01-10 07:19:00');
INSERT INTO `schedule` (`schedule_id`,`route_id`,`schedule_id_last`,`free_seats`,`arrival_time`,`departure_time`) VALUES (90,8,NULL,25,'2019-01-10 12:55:00','2019-01-10 12:55:00');
INSERT INTO `schedule` (`schedule_id`,`route_id`,`schedule_id_last`,`free_seats`,`arrival_time`,`departure_time`) VALUES (91,9,19,20,'2019-01-06 19:26:00','2019-01-06 19:26:00');
INSERT INTO `schedule` (`schedule_id`,`route_id`,`schedule_id_last`,`free_seats`,`arrival_time`,`departure_time`) VALUES (92,10,NULL,20,'2019-01-06 20:39:00','2019-01-06 20:43:00');
INSERT INTO `schedule` (`schedule_id`,`route_id`,`schedule_id_last`,`free_seats`,`arrival_time`,`departure_time`) VALUES (93,11,NULL,20,'2019-01-07 01:46:00','2019-01-07 01:46:00');
INSERT INTO `schedule` (`schedule_id`,`route_id`,`schedule_id_last`,`free_seats`,`arrival_time`,`departure_time`) VALUES (94,9,22,20,'2019-01-07 19:26:00','2019-01-07 19:26:00');
INSERT INTO `schedule` (`schedule_id`,`route_id`,`schedule_id_last`,`free_seats`,`arrival_time`,`departure_time`) VALUES (95,10,NULL,20,'2019-01-07 20:39:00','2019-01-07 20:43:00');
INSERT INTO `schedule` (`schedule_id`,`route_id`,`schedule_id_last`,`free_seats`,`arrival_time`,`departure_time`) VALUES (96,11,NULL,20,'2019-01-08 01:46:00','2019-01-08 01:46:00');
INSERT INTO `schedule` (`schedule_id`,`route_id`,`schedule_id_last`,`free_seats`,`arrival_time`,`departure_time`) VALUES (97,12,25,20,'2019-01-06 19:52:00','2019-01-06 19:52:00');
INSERT INTO `schedule` (`schedule_id`,`route_id`,`schedule_id_last`,`free_seats`,`arrival_time`,`departure_time`) VALUES (98,13,NULL,20,'2019-01-07 00:55:00','2019-01-07 00:59:00');
INSERT INTO `schedule` (`schedule_id`,`route_id`,`schedule_id_last`,`free_seats`,`arrival_time`,`departure_time`) VALUES (99,14,NULL,20,'2019-01-07 02:12:00','2019-01-07 02:12:00');
INSERT INTO `schedule` (`schedule_id`,`route_id`,`schedule_id_last`,`free_seats`,`arrival_time`,`departure_time`) VALUES (100,12,28,20,'2019-01-07 19:52:00','2019-01-07 19:52:00');
INSERT INTO `schedule` (`schedule_id`,`route_id`,`schedule_id_last`,`free_seats`,`arrival_time`,`departure_time`) VALUES (101,13,NULL,20,'2019-01-08 00:55:00','2019-01-08 00:59:00');
INSERT INTO `schedule` (`schedule_id`,`route_id`,`schedule_id_last`,`free_seats`,`arrival_time`,`departure_time`) VALUES (102,14,NULL,20,'2019-01-08 02:12:00','2019-01-08 02:12:00');
INSERT INTO `schedule` (`schedule_id`,`route_id`,`schedule_id_last`,`free_seats`,`arrival_time`,`departure_time`) VALUES (103,15,36,20,'2019-01-06 20:37:00','2019-01-06 20:37:00');
INSERT INTO `schedule` (`schedule_id`,`route_id`,`schedule_id_last`,`free_seats`,`arrival_time`,`departure_time`) VALUES (104,16,NULL,20,'2019-01-07 02:50:00','2019-01-07 02:55:00');
INSERT INTO `schedule` (`schedule_id`,`route_id`,`schedule_id_last`,`free_seats`,`arrival_time`,`departure_time`) VALUES (105,17,NULL,20,'2019-01-07 06:43:00','2019-01-07 07:02:00');
INSERT INTO `schedule` (`schedule_id`,`route_id`,`schedule_id_last`,`free_seats`,`arrival_time`,`departure_time`) VALUES (106,18,NULL,20,'2019-01-07 17:18:00','2019-01-07 17:57:00');
INSERT INTO `schedule` (`schedule_id`,`route_id`,`schedule_id_last`,`free_seats`,`arrival_time`,`departure_time`) VALUES (107,19,NULL,20,'2019-01-07 19:41:00','2019-01-07 19:44:00');
INSERT INTO `schedule` (`schedule_id`,`route_id`,`schedule_id_last`,`free_seats`,`arrival_time`,`departure_time`) VALUES (108,20,NULL,20,'2019-01-07 23:56:00','2019-01-08 00:01:00');
INSERT INTO `schedule` (`schedule_id`,`route_id`,`schedule_id_last`,`free_seats`,`arrival_time`,`departure_time`) VALUES (109,21,NULL,20,'2019-01-08 05:21:00','2019-01-08 05:23:00');
INSERT INTO `schedule` (`schedule_id`,`route_id`,`schedule_id_last`,`free_seats`,`arrival_time`,`departure_time`) VALUES (110,22,NULL,20,'2019-01-08 10:45:00','2019-01-08 10:45:00');
INSERT INTO `schedule` (`schedule_id`,`route_id`,`schedule_id_last`,`free_seats`,`arrival_time`,`departure_time`) VALUES (111,15,44,20,'2019-01-08 20:37:00','2019-01-08 20:37:00');
INSERT INTO `schedule` (`schedule_id`,`route_id`,`schedule_id_last`,`free_seats`,`arrival_time`,`departure_time`) VALUES (112,16,NULL,20,'2019-01-09 02:50:00','2019-01-09 02:55:00');
INSERT INTO `schedule` (`schedule_id`,`route_id`,`schedule_id_last`,`free_seats`,`arrival_time`,`departure_time`) VALUES (113,17,NULL,20,'2019-01-09 06:43:00','2019-01-09 07:02:00');
INSERT INTO `schedule` (`schedule_id`,`route_id`,`schedule_id_last`,`free_seats`,`arrival_time`,`departure_time`) VALUES (114,18,NULL,20,'2019-01-09 17:18:00','2019-01-09 17:57:00');
INSERT INTO `schedule` (`schedule_id`,`route_id`,`schedule_id_last`,`free_seats`,`arrival_time`,`departure_time`) VALUES (115,19,NULL,20,'2019-01-09 19:41:00','2019-01-09 19:44:00');
INSERT INTO `schedule` (`schedule_id`,`route_id`,`schedule_id_last`,`free_seats`,`arrival_time`,`departure_time`) VALUES (116,20,NULL,20,'2019-01-09 23:56:00','2019-01-10 00:01:00');
INSERT INTO `schedule` (`schedule_id`,`route_id`,`schedule_id_last`,`free_seats`,`arrival_time`,`departure_time`) VALUES (117,21,NULL,20,'2019-01-10 05:21:00','2019-01-10 05:23:00');
INSERT INTO `schedule` (`schedule_id`,`route_id`,`schedule_id_last`,`free_seats`,`arrival_time`,`departure_time`) VALUES (118,22,NULL,20,'2019-01-10 10:45:00','2019-01-10 10:45:00');
INSERT INTO `schedule` (`schedule_id`,`route_id`,`schedule_id_last`,`free_seats`,`arrival_time`,`departure_time`) VALUES (119,23,48,20,'2019-01-06 21:42:00','2019-01-06 21:42:00');
INSERT INTO `schedule` (`schedule_id`,`route_id`,`schedule_id_last`,`free_seats`,`arrival_time`,`departure_time`) VALUES (120,24,NULL,20,'2019-01-07 03:56:00','2019-01-07 03:58:00');
INSERT INTO `schedule` (`schedule_id`,`route_id`,`schedule_id_last`,`free_seats`,`arrival_time`,`departure_time`) VALUES (121,25,NULL,20,'2019-01-07 05:38:00','2019-01-07 05:42:00');
INSERT INTO `schedule` (`schedule_id`,`route_id`,`schedule_id_last`,`free_seats`,`arrival_time`,`departure_time`) VALUES (122,26,NULL,20,'2019-01-07 14:55:00','2019-01-07 14:55:00');
INSERT INTO `schedule` (`schedule_id`,`route_id`,`schedule_id_last`,`free_seats`,`arrival_time`,`departure_time`) VALUES (123,23,52,20,'2019-01-07 21:42:00','2019-01-07 21:42:00');
INSERT INTO `schedule` (`schedule_id`,`route_id`,`schedule_id_last`,`free_seats`,`arrival_time`,`departure_time`) VALUES (124,24,NULL,20,'2019-01-08 03:56:00','2019-01-08 03:58:00');
INSERT INTO `schedule` (`schedule_id`,`route_id`,`schedule_id_last`,`free_seats`,`arrival_time`,`departure_time`) VALUES (125,25,NULL,20,'2019-01-08 05:38:00','2019-01-08 05:42:00');
INSERT INTO `schedule` (`schedule_id`,`route_id`,`schedule_id_last`,`free_seats`,`arrival_time`,`departure_time`) VALUES (126,26,NULL,20,'2019-01-08 14:55:00','2019-01-08 14:55:00');
INSERT INTO `schedule` (`schedule_id`,`route_id`,`schedule_id_last`,`free_seats`,`arrival_time`,`departure_time`) VALUES (127,27,56,20,'2019-01-06 17:30:00','2019-01-06 17:30:00');
INSERT INTO `schedule` (`schedule_id`,`route_id`,`schedule_id_last`,`free_seats`,`arrival_time`,`departure_time`) VALUES (128,28,NULL,20,'2019-01-07 02:35:00','2019-01-07 02:40:00');
INSERT INTO `schedule` (`schedule_id`,`route_id`,`schedule_id_last`,`free_seats`,`arrival_time`,`departure_time`) VALUES (129,29,NULL,20,'2019-01-07 04:21:00','2019-01-07 04:23:00');
INSERT INTO `schedule` (`schedule_id`,`route_id`,`schedule_id_last`,`free_seats`,`arrival_time`,`departure_time`) VALUES (130,30,NULL,20,'2019-01-07 10:35:00','2019-01-07 10:35:00');
INSERT INTO `schedule` (`schedule_id`,`route_id`,`schedule_id_last`,`free_seats`,`arrival_time`,`departure_time`) VALUES (131,27,60,20,'2019-01-07 17:30:00','2019-01-07 17:30:00');
INSERT INTO `schedule` (`schedule_id`,`route_id`,`schedule_id_last`,`free_seats`,`arrival_time`,`departure_time`) VALUES (132,28,NULL,20,'2019-01-08 02:35:00','2019-01-08 02:40:00');
INSERT INTO `schedule` (`schedule_id`,`route_id`,`schedule_id_last`,`free_seats`,`arrival_time`,`departure_time`) VALUES (133,29,NULL,20,'2019-01-08 04:21:00','2019-01-08 04:23:00');
INSERT INTO `schedule` (`schedule_id`,`route_id`,`schedule_id_last`,`free_seats`,`arrival_time`,`departure_time`) VALUES (134,30,NULL,20,'2019-01-08 10:35:00','2019-01-08 10:35:00');
INSERT INTO `schedule` (`schedule_id`,`route_id`,`schedule_id_last`,`free_seats`,`arrival_time`,`departure_time`) VALUES (135,31,62,20,'2019-01-06 07:00:00','2019-01-06 07:00:00');
INSERT INTO `schedule` (`schedule_id`,`route_id`,`schedule_id_last`,`free_seats`,`arrival_time`,`departure_time`) VALUES (136,32,NULL,20,'2019-01-06 12:00:00','2019-01-06 12:00:00');
INSERT INTO `schedule` (`schedule_id`,`route_id`,`schedule_id_last`,`free_seats`,`arrival_time`,`departure_time`) VALUES (137,31,64,20,'2019-01-07 07:00:00','2019-01-07 07:00:00');
INSERT INTO `schedule` (`schedule_id`,`route_id`,`schedule_id_last`,`free_seats`,`arrival_time`,`departure_time`) VALUES (138,32,NULL,20,'2019-01-07 12:00:00','2019-01-07 12:00:00');
INSERT INTO `schedule` (`schedule_id`,`route_id`,`schedule_id_last`,`free_seats`,`arrival_time`,`departure_time`) VALUES (139,33,67,20,'2019-01-06 12:00:00','2019-01-06 12:00:00');
INSERT INTO `schedule` (`schedule_id`,`route_id`,`schedule_id_last`,`free_seats`,`arrival_time`,`departure_time`) VALUES (140,34,NULL,20,'2019-01-06 19:00:00','2019-01-06 19:05:00');
INSERT INTO `schedule` (`schedule_id`,`route_id`,`schedule_id_last`,`free_seats`,`arrival_time`,`departure_time`) VALUES (141,35,NULL,20,'2019-01-07 07:00:00','2019-01-07 07:00:00');
INSERT INTO `schedule` (`schedule_id`,`route_id`,`schedule_id_last`,`free_seats`,`arrival_time`,`departure_time`) VALUES (142,33,70,20,'2019-01-07 12:00:00','2019-01-07 12:00:00');
INSERT INTO `schedule` (`schedule_id`,`route_id`,`schedule_id_last`,`free_seats`,`arrival_time`,`departure_time`) VALUES (143,34,NULL,20,'2019-01-07 19:00:00','2019-01-07 19:05:00');
INSERT INTO `schedule` (`schedule_id`,`route_id`,`schedule_id_last`,`free_seats`,`arrival_time`,`departure_time`) VALUES (144,35,NULL,20,'2019-01-08 07:00:00','2019-01-08 07:00:00');
INSERT INTO `schedule` (`schedule_id`,`route_id`,`schedule_id_last`,`free_seats`,`arrival_time`,`departure_time`) VALUES (145,36,72,20,'2019-01-06 08:00:00','2019-01-06 08:00:00');
INSERT INTO `schedule` (`schedule_id`,`route_id`,`schedule_id_last`,`free_seats`,`arrival_time`,`departure_time`) VALUES (146,37,NULL,20,'2019-01-06 16:00:00','2019-01-06 16:00:00');
INSERT INTO `schedule` (`schedule_id`,`route_id`,`schedule_id_last`,`free_seats`,`arrival_time`,`departure_time`) VALUES (147,36,74,20,'2019-01-07 08:00:00','2019-01-07 08:00:00');
INSERT INTO `schedule` (`schedule_id`,`route_id`,`schedule_id_last`,`free_seats`,`arrival_time`,`departure_time`) VALUES (148,37,NULL,20,'2019-01-07 16:00:00','2019-01-07 16:00:00');